<?xml version="1.0" encoding="UTF-8"?>
<export version="D">
  <design>
    <source>/Users/islam/Projects/Synapse2/Synapse.sch</source>
    <date>Monday, July 26, 2021 at 04:47:55 AM</date>
    <tool>Eeschema (5.1.10-1-10_14)</tool>
    <sheet number="1" name="/" tstamps="/">
      <title_block>
        <title/>
        <company/>
        <rev>1</rev>
        <date/>
        <source>Synapse.sch</source>
        <comment number="1" value=""/>
        <comment number="2" value=""/>
        <comment number="3" value=""/>
        <comment number="4" value=""/>
      </title_block>
    </sheet>
  </design>
  <components>
    <comp ref="C12">
      <value>2.7p</value>
      <footprint>Capacitor_SMD:C_0402_1005Metric</footprint>
      <datasheet>~</datasheet>
      <fields>
        <field name="LCSC">C1561</field>
      </fields>
      <libsource lib="Device" part="C_Small" description="Unpolarized capacitor, small symbol"/>
      <sheetpath names="/" tstamps="/"/>
      <tstamp>60F74E4C</tstamp>
    </comp>
    <comp ref="U2">
      <value>SOT-23-3 LDO</value>
      <footprint>Package_TO_SOT_SMD:SOT-553</footprint>
      <fields>
        <field name="LCSC">C146430</field>
      </fields>
      <libsource lib="Regulator_Linear" part="AMS1117-3.3" description="1A Low Dropout regulator, positive, 3.3V fixed output, SOT-223"/>
      <sheetpath names="/" tstamps="/"/>
      <tstamp>60FBA365</tstamp>
    </comp>
    <comp ref="C15">
      <value>100n</value>
      <footprint>Capacitor_SMD:C_0402_1005Metric</footprint>
      <datasheet>~</datasheet>
      <fields>
        <field name="LCSC">C1525</field>
      </fields>
      <libsource lib="Device" part="C_Small" description="Unpolarized capacitor, small symbol"/>
      <sheetpath names="/" tstamps="/"/>
      <tstamp>61066F3E</tstamp>
    </comp>
    <comp ref="R9">
      <value>10k</value>
      <footprint>Resistor_SMD:R_0402_1005Metric</footprint>
      <datasheet>~</datasheet>
      <fields>
        <field name="LCSC">C25744</field>
      </fields>
      <libsource lib="Device" part="R_Small" description="Resistor, small symbol"/>
      <sheetpath names="/" tstamps="/"/>
      <tstamp>61066657</tstamp>
    </comp>
    <comp ref="USB1">
      <value>USB_C_Receptacle_USB2.0</value>
      <footprint>USB-C Connectors:TYPE-C-31-M-12</footprint>
      <datasheet>https://www.usb.org/sites/default/files/documents/usb_type-c.zip</datasheet>
      <fields>
        <field name="LCSC">C165948</field>
      </fields>
      <libsource lib="Connector" part="USB_C_Receptacle_USB2.0" description="USB 2.0-only Type-C Receptacle connector"/>
      <sheetpath names="/" tstamps="/"/>
      <tstamp>610CF3E2</tstamp>
    </comp>
    <comp ref="R1">
      <value>5.1K</value>
      <footprint>Resistor_SMD:R_0402_1005Metric</footprint>
      <datasheet>~</datasheet>
      <fields>
        <field name="LCSC">C25905</field>
      </fields>
      <libsource lib="Device" part="R_Small" description="Resistor, small symbol"/>
      <sheetpath names="/" tstamps="/"/>
      <tstamp>610E8C5D</tstamp>
    </comp>
    <comp ref="R2">
      <value>5.1K</value>
      <footprint>Resistor_SMD:R_0402_1005Metric</footprint>
      <datasheet>~</datasheet>
      <fields>
        <field name="LCSC">C25905</field>
      </fields>
      <libsource lib="Device" part="R_Small" description="Resistor, small symbol"/>
      <sheetpath names="/" tstamps="/"/>
      <tstamp>610E74C1</tstamp>
    </comp>
    <comp ref="Y2">
      <value>32.768K 7p</value>
      <footprint>Crystal:Crystal_SMD_2012-2Pin_2.0x1.2mm</footprint>
      <datasheet>~</datasheet>
      <fields>
        <field name="LCSC">C99009</field>
      </fields>
      <libsource lib="Device" part="Crystal_Small" description="Two pin crystal, small symbol"/>
      <sheetpath names="/" tstamps="/"/>
      <tstamp>60F74E5B</tstamp>
    </comp>
    <comp ref="SW2">
      <value>SW_SPST</value>
      <footprint>Button_Switch_SMD:SW_SPST_B3U-1000P</footprint>
      <datasheet>~</datasheet>
      <fields>
        <field name="LCSC">C231329</field>
      </fields>
      <libsource lib="Switch" part="SW_Push" description="Push button switch, generic, two pins"/>
      <sheetpath names="/" tstamps="/"/>
      <tstamp>6106E26B</tstamp>
    </comp>
    <comp ref="Y1">
      <value>24MHz 8pF</value>
      <footprint>Crystal:Crystal_SMD_2520-4Pin_2.5x2.0mm</footprint>
      <datasheet>~</datasheet>
      <fields>
        <field name="Alternative">25 MHz, 9pF, with 6.8pF crystals, C390937</field>
        <field name="LCSC">C284163</field>
      </fields>
      <libsource lib="Device" part="Crystal_GND24_Small" description="Four pin crystal, GND on pins 2 and 4, small symbol"/>
      <sheetpath names="/" tstamps="/"/>
      <tstamp>60F74E27</tstamp>
    </comp>
    <comp ref="C13">
      <value>6p</value>
      <footprint>Capacitor_SMD:C_0402_1005Metric</footprint>
      <datasheet>~</datasheet>
      <fields>
        <field name="LCSC">C30274</field>
      </fields>
      <libsource lib="Device" part="C_Small" description="Unpolarized capacitor, small symbol"/>
      <sheetpath names="/" tstamps="/"/>
      <tstamp>60F74E20</tstamp>
    </comp>
    <comp ref="C11">
      <value>6p</value>
      <footprint>Capacitor_SMD:C_0402_1005Metric</footprint>
      <datasheet>~</datasheet>
      <fields>
        <field name="LCSC">C30274</field>
      </fields>
      <libsource lib="Device" part="C_Small" description="Unpolarized capacitor, small symbol"/>
      <sheetpath names="/" tstamps="/"/>
      <tstamp>60F74E18</tstamp>
    </comp>
    <comp ref="USB2">
      <value>USB_C_Receptacle_USB2.0</value>
      <footprint>USB-C Connectors:TYPE-C-31-M-12</footprint>
      <datasheet>https://www.usb.org/sites/default/files/documents/usb_type-c.zip</datasheet>
      <fields>
        <field name="LCSC">C165948</field>
      </fields>
      <libsource lib="Connector" part="USB_C_Receptacle_USB2.0" description="USB 2.0-only Type-C Receptacle connector"/>
      <sheetpath names="/" tstamps="/"/>
      <tstamp>611B5B4A</tstamp>
    </comp>
    <comp ref="C4">
      <value>100n</value>
      <footprint>Capacitor_SMD:C_0402_1005Metric</footprint>
      <datasheet>~</datasheet>
      <fields>
        <field name="LCSC">C1525</field>
      </fields>
      <libsource lib="Device" part="C_Small" description="Unpolarized capacitor, small symbol"/>
      <sheetpath names="/" tstamps="/"/>
      <tstamp>60F905CB</tstamp>
    </comp>
    <comp ref="C7">
      <value>100n</value>
      <footprint>Capacitor_SMD:C_0402_1005Metric</footprint>
      <datasheet>~</datasheet>
      <fields>
        <field name="LCSC">C1525</field>
      </fields>
      <libsource lib="Device" part="C_Small" description="Unpolarized capacitor, small symbol"/>
      <sheetpath names="/" tstamps="/"/>
      <tstamp>60F905D2</tstamp>
    </comp>
    <comp ref="C9">
      <value>100n</value>
      <footprint>Capacitor_SMD:C_0402_1005Metric</footprint>
      <datasheet>~</datasheet>
      <fields>
        <field name="LCSC">C1525</field>
      </fields>
      <libsource lib="Device" part="C_Small" description="Unpolarized capacitor, small symbol"/>
      <sheetpath names="/" tstamps="/"/>
      <tstamp>60F905D9</tstamp>
    </comp>
    <comp ref="C5">
      <value>1u</value>
      <footprint>Capacitor_SMD:C_0402_1005Metric</footprint>
      <datasheet>~</datasheet>
      <fields>
        <field name="LCSC">C52923</field>
      </fields>
      <libsource lib="Device" part="C_Small" description="Unpolarized capacitor, small symbol"/>
      <sheetpath names="/" tstamps="/"/>
      <tstamp>60FADF57</tstamp>
    </comp>
    <comp ref="FB2">
      <value>470 @ 100MHz</value>
      <footprint>Inductor_SMD:L_0402_1005Metric</footprint>
      <datasheet>~</datasheet>
      <fields>
        <field name="LCSC">C185885</field>
      </fields>
      <libsource lib="Device" part="Ferrite_Bead_Small" description="Ferrite bead, small symbol"/>
      <sheetpath names="/" tstamps="/"/>
      <tstamp>60FADF48</tstamp>
    </comp>
    <comp ref="C2">
      <value>10u</value>
      <footprint>Capacitor_SMD:C_0603_1608Metric</footprint>
      <datasheet>~</datasheet>
      <fields>
        <field name="LCSC">C15525</field>
      </fields>
      <libsource lib="Device" part="C_Small" description="Unpolarized capacitor, small symbol"/>
      <sheetpath names="/" tstamps="/"/>
      <tstamp>60F905C4</tstamp>
    </comp>
    <comp ref="C3">
      <value>100n</value>
      <footprint>Capacitor_SMD:C_0402_1005Metric</footprint>
      <datasheet>~</datasheet>
      <fields>
        <field name="LCSC">C1525</field>
      </fields>
      <libsource lib="Device" part="C_Small" description="Unpolarized capacitor, small symbol"/>
      <sheetpath names="/" tstamps="/"/>
      <tstamp>60F40E9F</tstamp>
    </comp>
    <comp ref="C10">
      <value>100n</value>
      <footprint>Capacitor_SMD:C_0402_1005Metric</footprint>
      <datasheet>~</datasheet>
      <fields>
        <field name="LCSC">C1525</field>
      </fields>
      <libsource lib="Device" part="C_Small" description="Unpolarized capacitor, small symbol"/>
      <sheetpath names="/" tstamps="/"/>
      <tstamp>60F929A4</tstamp>
    </comp>
    <comp ref="U3">
      <value>24LC256</value>
      <footprint>Package_SO:SOIC-8_3.9x4.9mm_P1.27mm</footprint>
      <datasheet>http://ww1.microchip.com/downloads/en/devicedoc/21203m.pdf</datasheet>
      <fields>
        <field name="LCSC">C6482</field>
      </fields>
      <libsource lib="Memory_EEPROM" part="24LC256" description="I2C Serial EEPROM, 256Kb, DIP-8/SOIC-8/TSSOP-8/DFN-8"/>
      <sheetpath names="/" tstamps="/"/>
      <tstamp>60F84604</tstamp>
    </comp>
    <comp ref="FB1">
      <value>470 @ 100MHz</value>
      <footprint>Inductor_SMD:L_0402_1005Metric</footprint>
      <datasheet>~</datasheet>
      <fields>
        <field name="LCSC">C185885</field>
      </fields>
      <libsource lib="Device" part="Ferrite_Bead_Small" description="Ferrite bead, small symbol"/>
      <sheetpath names="/" tstamps="/"/>
      <tstamp>6106F684</tstamp>
    </comp>
    <comp ref="R4">
      <value>200k</value>
      <footprint>Resistor_SMD:R_0402_1005Metric</footprint>
      <datasheet>~</datasheet>
      <fields>
        <field name="LCSC">C25764</field>
      </fields>
      <libsource lib="Device" part="R_Small" description="Resistor, small symbol"/>
      <sheetpath names="/" tstamps="/"/>
      <tstamp>610D2155</tstamp>
    </comp>
    <comp ref="U1">
      <value>STM32F411CEUx</value>
      <footprint>Package_DFN_QFN:QFN-48-1EP_7x7mm_P0.5mm_EP5.6x5.6mm</footprint>
      <datasheet>http://www.st.com/st-web-ui/static/active/en/resource/technical/document/datasheet/DM00115249.pdf</datasheet>
      <fields>
        <field name="LCSC">C60420</field>
      </fields>
      <libsource lib="MCU_ST_STM32F4" part="STM32F411CEUx" description="ARM Cortex-M4 MCU, 512KB flash, 128KB RAM, 100MHz, 1.7-3.6V, 36 GPIO, UFQFPN-48"/>
      <sheetpath names="/" tstamps="/"/>
      <tstamp>60EF9182</tstamp>
    </comp>
    <comp ref="C6">
      <value>100n</value>
      <footprint>Capacitor_SMD:C_0402_1005Metric</footprint>
      <datasheet>~</datasheet>
      <fields>
        <field name="LCSC">C1525</field>
      </fields>
      <libsource lib="Device" part="C_Small" description="Unpolarized capacitor, small symbol"/>
      <sheetpath names="/" tstamps="/"/>
      <tstamp>60F1A7FA</tstamp>
    </comp>
    <comp ref="C1">
      <value>1u</value>
      <footprint>Capacitor_SMD:C_0402_1005Metric</footprint>
      <datasheet>~</datasheet>
      <fields>
        <field name="LCSC">C52923</field>
      </fields>
      <libsource lib="Device" part="C_Small" description="Unpolarized capacitor, small symbol"/>
      <sheetpath names="/" tstamps="/"/>
      <tstamp>61341B47</tstamp>
    </comp>
    <comp ref="C8">
      <value>1u</value>
      <footprint>Capacitor_SMD:C_0402_1005Metric</footprint>
      <datasheet>~</datasheet>
      <fields>
        <field name="LCSC">C52923</field>
      </fields>
      <libsource lib="Device" part="C_Small" description="Unpolarized capacitor, small symbol"/>
      <sheetpath names="/" tstamps="/"/>
      <tstamp>61347FB1</tstamp>
    </comp>
    <comp ref="R7">
      <value>200k</value>
      <footprint>Resistor_SMD:R_0402_1005Metric</footprint>
      <datasheet>~</datasheet>
      <fields>
        <field name="LCSC">C25764</field>
      </fields>
      <libsource lib="Device" part="R_Small" description="Resistor, small symbol"/>
      <sheetpath names="/" tstamps="/"/>
      <tstamp>610F11DE</tstamp>
    </comp>
    <comp ref="USB3">
      <value>USB_C_Receptacle_USB2.0</value>
      <footprint>USB-C Connectors:TYPE-C-31-M-12</footprint>
      <datasheet>https://www.usb.org/sites/default/files/documents/usb_type-c.zip</datasheet>
      <fields>
        <field name="LCSC">C165948</field>
      </fields>
      <libsource lib="Connector" part="USB_C_Receptacle_USB2.0" description="USB 2.0-only Type-C Receptacle connector"/>
      <sheetpath names="/" tstamps="/"/>
      <tstamp>611B893D</tstamp>
    </comp>
    <comp ref="R6">
      <value>1K</value>
      <footprint>Resistor_SMD:R_0402_1005Metric</footprint>
      <datasheet>~</datasheet>
      <fields>
        <field name="LCSC">C11702</field>
      </fields>
      <libsource lib="Device" part="R_Small" description="Resistor, small symbol"/>
      <sheetpath names="/" tstamps="/"/>
      <tstamp>60F8348E</tstamp>
    </comp>
    <comp ref="D1">
      <value>Red LED</value>
      <footprint>LED_SMD:LED_0603_1608Metric</footprint>
      <datasheet>~</datasheet>
      <fields>
        <field name="LCSC">C2286</field>
      </fields>
      <libsource lib="Device" part="LED_Small" description="Light emitting diode, small symbol"/>
      <sheetpath names="/" tstamps="/"/>
      <tstamp>60F7D6E2</tstamp>
    </comp>
    <comp ref="C14">
      <value>2.7p</value>
      <footprint>Capacitor_SMD:C_0402_1005Metric</footprint>
      <datasheet>~</datasheet>
      <fields>
        <field name="LCSC">C1561</field>
      </fields>
      <libsource lib="Device" part="C_Small" description="Unpolarized capacitor, small symbol"/>
      <sheetpath names="/" tstamps="/"/>
      <tstamp>60F74E54</tstamp>
    </comp>
    <comp ref="R5">
      <value>2.7K</value>
      <footprint>Resistor_SMD:R_0402_1005Metric</footprint>
      <datasheet>~</datasheet>
      <fields>
        <field name="LCSC">C25885</field>
      </fields>
      <libsource lib="Device" part="R_Small" description="Resistor, small symbol"/>
      <sheetpath names="/" tstamps="/"/>
      <tstamp>61343D09</tstamp>
    </comp>
    <comp ref="R3">
      <value>2.7K</value>
      <footprint>Resistor_SMD:R_0402_1005Metric</footprint>
      <datasheet>~</datasheet>
      <fields>
        <field name="LCSC">C25885</field>
      </fields>
      <libsource lib="Device" part="R_Small" description="Resistor, small symbol"/>
      <sheetpath names="/" tstamps="/"/>
      <tstamp>61343D10</tstamp>
    </comp>
    <comp ref="R10">
      <value>10k</value>
      <footprint>Resistor_SMD:R_0402_1005Metric</footprint>
      <datasheet>~</datasheet>
      <fields>
        <field name="LCSC">C25744</field>
      </fields>
      <libsource lib="Device" part="R_Small" description="Resistor, small symbol"/>
      <sheetpath names="/" tstamps="/"/>
      <tstamp>60FB29E6</tstamp>
    </comp>
    <comp ref="R8">
      <value>10k</value>
      <footprint>Resistor_SMD:R_0402_1005Metric</footprint>
      <datasheet>~</datasheet>
      <fields>
        <field name="LCSC">C25744</field>
      </fields>
      <libsource lib="Device" part="R_Small" description="Resistor, small symbol"/>
      <sheetpath names="/" tstamps="/"/>
      <tstamp>613B41C0</tstamp>
    </comp>
    <comp ref="C16">
      <value>100n</value>
      <footprint>Capacitor_SMD:C_0402_1005Metric</footprint>
      <datasheet>~</datasheet>
      <fields>
        <field name="LCSC">C1525</field>
      </fields>
      <libsource lib="Device" part="C_Small" description="Unpolarized capacitor, small symbol"/>
      <sheetpath names="/" tstamps="/"/>
      <tstamp>613B41C7</tstamp>
    </comp>
    <comp ref="SW1">
      <value>SW_SPST</value>
      <footprint>Button_Switch_SMD:SW_SPST_B3U-1000P</footprint>
      <datasheet>~</datasheet>
      <fields>
        <field name="LCSC">C231329</field>
      </fields>
      <libsource lib="Switch" part="SW_Push" description="Push button switch, generic, two pins"/>
      <sheetpath names="/" tstamps="/"/>
      <tstamp>613B41B9</tstamp>
    </comp>
    <comp ref="J1">
      <value>SWD</value>
      <footprint>Common:TestPoint_Pads_4x2.54_D1.5mm</footprint>
      <datasheet>~</datasheet>
      <libsource lib="Connector_Generic" part="Conn_01x04" description="Generic connector, single row, 01x04, script generated (kicad-library-utils/schlib/autogen/connector/)"/>
      <sheetpath names="/" tstamps="/"/>
      <tstamp>61003A04</tstamp>
    </comp>
    <comp ref="J2">
      <value>I2C</value>
      <footprint>Common:TestPoint_Pads_4x2.54_D1.5mm</footprint>
      <datasheet>~</datasheet>
      <libsource lib="Connector_Generic" part="Conn_01x04" description="Generic connector, single row, 01x04, script generated (kicad-library-utils/schlib/autogen/connector/)"/>
      <sheetpath names="/" tstamps="/"/>
      <tstamp>610BAE66</tstamp>
    </comp>
  </components>
  <libparts>
    <libpart lib="Connector" part="USB_C_Receptacle_USB2.0">
      <description>USB 2.0-only Type-C Receptacle connector</description>
      <docs>https://www.usb.org/sites/default/files/documents/usb_type-c.zip</docs>
      <footprints>
        <fp>USB*C*Receptacle*</fp>
      </footprints>
      <fields>
        <field name="Reference">J</field>
        <field name="Value">USB_C_Receptacle_USB2.0</field>
      </fields>
      <pins>
        <pin num="A1" name="GND" type="passive"/>
        <pin num="A4" name="VBUS" type="passive"/>
        <pin num="A5" name="CC1" type="BiDi"/>
        <pin num="A6" name="D+" type="BiDi"/>
        <pin num="A7" name="D-" type="BiDi"/>
        <pin num="A8" name="SBU1" type="BiDi"/>
        <pin num="A9" name="VBUS" type="passive"/>
        <pin num="A12" name="GND" type="passive"/>
        <pin num="B1" name="GND" type="passive"/>
        <pin num="B4" name="VBUS" type="passive"/>
        <pin num="B5" name="CC2" type="BiDi"/>
        <pin num="B6" name="D+" type="BiDi"/>
        <pin num="B7" name="D-" type="BiDi"/>
        <pin num="B8" name="SBU2" type="BiDi"/>
        <pin num="B9" name="VBUS" type="passive"/>
        <pin num="B12" name="GND" type="passive"/>
        <pin num="S1" name="SHIELD" type="passive"/>
      </pins>
    </libpart>
    <libpart lib="Connector_Generic" part="Conn_01x04">
      <description>Generic connector, single row, 01x04, script generated (kicad-library-utils/schlib/autogen/connector/)</description>
      <docs>~</docs>
      <footprints>
        <fp>Connector*:*_1x??_*</fp>
      </footprints>
      <fields>
        <field name="Reference">J</field>
        <field name="Value">Conn_01x04</field>
      </fields>
      <pins>
        <pin num="1" name="Pin_1" type="passive"/>
        <pin num="2" name="Pin_2" type="passive"/>
        <pin num="3" name="Pin_3" type="passive"/>
        <pin num="4" name="Pin_4" type="passive"/>
      </pins>
    </libpart>
    <libpart lib="Device" part="C_Small">
      <description>Unpolarized capacitor, small symbol</description>
      <docs>~</docs>
      <footprints>
        <fp>C_*</fp>
      </footprints>
      <fields>
        <field name="Reference">C</field>
        <field name="Value">C_Small</field>
      </fields>
      <pins>
        <pin num="1" name="~" type="passive"/>
        <pin num="2" name="~" type="passive"/>
      </pins>
    </libpart>
    <libpart lib="Device" part="Crystal_GND24_Small">
      <description>Four pin crystal, GND on pins 2 and 4, small symbol</description>
      <docs>~</docs>
      <footprints>
        <fp>Crystal*</fp>
      </footprints>
      <fields>
        <field name="Reference">Y</field>
        <field name="Value">Crystal_GND24_Small</field>
      </fields>
      <pins>
        <pin num="1" name="1" type="passive"/>
        <pin num="2" name="2" type="passive"/>
        <pin num="3" name="3" type="passive"/>
        <pin num="4" name="4" type="passive"/>
      </pins>
    </libpart>
    <libpart lib="Device" part="Crystal_Small">
      <description>Two pin crystal, small symbol</description>
      <docs>~</docs>
      <footprints>
        <fp>Crystal*</fp>
      </footprints>
      <fields>
        <field name="Reference">Y</field>
        <field name="Value">Crystal_Small</field>
      </fields>
      <pins>
        <pin num="1" name="1" type="passive"/>
        <pin num="2" name="2" type="passive"/>
      </pins>
    </libpart>
    <libpart lib="Device" part="Ferrite_Bead_Small">
      <description>Ferrite bead, small symbol</description>
      <docs>~</docs>
      <footprints>
        <fp>Inductor_*</fp>
        <fp>L_*</fp>
        <fp>*Ferrite*</fp>
      </footprints>
      <fields>
        <field name="Reference">FB</field>
        <field name="Value">Ferrite_Bead_Small</field>
      </fields>
      <pins>
        <pin num="1" name="~" type="passive"/>
        <pin num="2" name="~" type="passive"/>
      </pins>
    </libpart>
    <libpart lib="Device" part="LED_Small">
      <description>Light emitting diode, small symbol</description>
      <docs>~</docs>
      <footprints>
        <fp>LED*</fp>
        <fp>LED_SMD:*</fp>
        <fp>LED_THT:*</fp>
      </footprints>
      <fields>
        <field name="Reference">D</field>
        <field name="Value">LED_Small</field>
      </fields>
      <pins>
        <pin num="1" name="K" type="passive"/>
        <pin num="2" name="A" type="passive"/>
      </pins>
    </libpart>
    <libpart lib="Device" part="R_Small">
      <description>Resistor, small symbol</description>
      <docs>~</docs>
      <footprints>
        <fp>R_*</fp>
      </footprints>
      <fields>
        <field name="Reference">R</field>
        <field name="Value">R_Small</field>
      </fields>
      <pins>
        <pin num="1" name="~" type="passive"/>
        <pin num="2" name="~" type="passive"/>
      </pins>
    </libpart>
    <libpart lib="MCU_ST_STM32F4" part="STM32F411CCUx">
      <aliases>
        <alias>STM32F411CEUx</alias>
      </aliases>
      <description>ARM Cortex-M4 MCU, 256KB flash, 128KB RAM, 100MHz, 1.7-3.6V, 36 GPIO, UFQFPN-48</description>
      <docs>http://www.st.com/st-web-ui/static/active/en/resource/technical/document/datasheet/DM00115249.pdf</docs>
      <footprints>
        <fp>QFN*1EP*7x7mm*P0.5mm*</fp>
      </footprints>
      <fields>
        <field name="Reference">U</field>
        <field name="Value">STM32F411CCUx</field>
        <field name="Footprint">Package_DFN_QFN:QFN-48-1EP_7x7mm_P0.5mm_EP5.6x5.6mm</field>
      </fields>
      <pins>
        <pin num="1" name="VBAT" type="power_in"/>
        <pin num="2" name="PC13" type="BiDi"/>
        <pin num="3" name="PC14" type="BiDi"/>
        <pin num="4" name="PC15" type="BiDi"/>
        <pin num="5" name="PH0" type="input"/>
        <pin num="6" name="PH1" type="input"/>
        <pin num="7" name="NRST" type="input"/>
        <pin num="8" name="VSSA" type="power_in"/>
        <pin num="9" name="VDDA" type="power_in"/>
        <pin num="10" name="PA0" type="BiDi"/>
        <pin num="11" name="PA1" type="BiDi"/>
        <pin num="12" name="PA2" type="BiDi"/>
        <pin num="13" name="PA3" type="BiDi"/>
        <pin num="14" name="PA4" type="BiDi"/>
        <pin num="15" name="PA5" type="BiDi"/>
        <pin num="16" name="PA6" type="BiDi"/>
        <pin num="17" name="PA7" type="BiDi"/>
        <pin num="18" name="PB0" type="BiDi"/>
        <pin num="19" name="PB1" type="BiDi"/>
        <pin num="20" name="PB2" type="BiDi"/>
        <pin num="21" name="PB10" type="BiDi"/>
        <pin num="22" name="VCAP1" type="power_in"/>
        <pin num="23" name="VSS" type="power_in"/>
        <pin num="24" name="VDD" type="power_in"/>
        <pin num="25" name="PB12" type="BiDi"/>
        <pin num="26" name="PB13" type="BiDi"/>
        <pin num="27" name="PB14" type="BiDi"/>
        <pin num="28" name="PB15" type="BiDi"/>
        <pin num="29" name="PA8" type="BiDi"/>
        <pin num="30" name="PA9" type="BiDi"/>
        <pin num="31" name="PA10" type="BiDi"/>
        <pin num="32" name="PA11" type="BiDi"/>
        <pin num="33" name="PA12" type="BiDi"/>
        <pin num="34" name="PA13" type="BiDi"/>
        <pin num="35" name="VSS" type="power_in"/>
        <pin num="36" name="VDD" type="power_in"/>
        <pin num="37" name="PA14" type="BiDi"/>
        <pin num="38" name="PA15" type="BiDi"/>
        <pin num="39" name="PB3" type="BiDi"/>
        <pin num="40" name="PB4" type="BiDi"/>
        <pin num="41" name="PB5" type="BiDi"/>
        <pin num="42" name="PB6" type="BiDi"/>
        <pin num="43" name="PB7" type="BiDi"/>
        <pin num="44" name="BOOT0" type="input"/>
        <pin num="45" name="PB8" type="BiDi"/>
        <pin num="46" name="PB9" type="BiDi"/>
        <pin num="47" name="VSS" type="power_in"/>
        <pin num="48" name="VDD" type="power_in"/>
        <pin num="49" name="VSS" type="power_in"/>
      </pins>
    </libpart>
    <libpart lib="Memory_EEPROM" part="24LC16">
      <aliases>
        <alias>24LC02</alias>
        <alias>24LC00</alias>
        <alias>24LC04</alias>
        <alias>24LC08</alias>
        <alias>24LC01</alias>
        <alias>24LC512</alias>
        <alias>24LC64</alias>
        <alias>24LC1025</alias>
        <alias>24LC32</alias>
        <alias>24LC256</alias>
        <alias>24LC128</alias>
        <alias>CAT24C256</alias>
        <alias>CAT24C128</alias>
      </aliases>
      <description>I2C Serial EEPROM, 16Kb, DIP-8/SOIC-8/TSSOP-8/DFN-8</description>
      <docs>http://ww1.microchip.com/downloads/en/DeviceDoc/21703d.pdf</docs>
      <footprints>
        <fp>DIP*W7.62mm*</fp>
        <fp>SOIC*3.9x4.9mm*</fp>
        <fp>TSSOP*4.4x3mm*P0.65mm*</fp>
        <fp>DFN*3x2mm*P0.5mm*</fp>
      </footprints>
      <fields>
        <field name="Reference">U</field>
        <field name="Value">24LC16</field>
      </fields>
      <pins>
        <pin num="1" name="A0" type="input"/>
        <pin num="2" name="A1" type="input"/>
        <pin num="3" name="A2" type="input"/>
        <pin num="4" name="GND" type="power_in"/>
        <pin num="5" name="SDA" type="BiDi"/>
        <pin num="6" name="SCL" type="input"/>
        <pin num="7" name="WP" type="input"/>
        <pin num="8" name="VCC" type="power_in"/>
      </pins>
    </libpart>
    <libpart lib="Regulator_Linear" part="AP1117-15">
      <aliases>
        <alias>AP1117-18</alias>
        <alias>AP1117-25</alias>
        <alias>AP1117-33</alias>
        <alias>AP1117-50</alias>
        <alias>LD1117S33TR_SOT223</alias>
        <alias>LD1117S12TR_SOT223</alias>
        <alias>LD1117S18TR_SOT223</alias>
        <alias>LD1117S25TR_SOT223</alias>
        <alias>LD1117S50TR_SOT223</alias>
        <alias>NCP1117-12_SOT223</alias>
        <alias>NCP1117-1.5_SOT223</alias>
        <alias>NCP1117-1.8_SOT223</alias>
        <alias>NCP1117-2.0_SOT223</alias>
        <alias>NCP1117-2.5_SOT223</alias>
        <alias>NCP1117-2.85_SOT223</alias>
        <alias>NCP1117-3.3_SOT223</alias>
        <alias>NCP1117-5.0_SOT223</alias>
        <alias>AMS1117-1.5</alias>
        <alias>AMS1117-1.8</alias>
        <alias>AMS1117-2.5</alias>
        <alias>AMS1117-2.85</alias>
        <alias>AMS1117-3.3</alias>
        <alias>AMS1117-5.0</alias>
      </aliases>
      <description>1A Low Dropout regulator, positive, 1.5V fixed output, SOT-223</description>
      <docs>http://www.diodes.com/datasheets/AP1117.pdf</docs>
      <footprints>
        <fp>SOT?223*TabPin2*</fp>
      </footprints>
      <fields>
        <field name="Reference">U</field>
        <field name="Value">AP1117-15</field>
        <field name="Footprint">Package_TO_SOT_SMD:SOT-223-3_TabPin2</field>
      </fields>
      <pins>
        <pin num="1" name="GND" type="power_in"/>
        <pin num="2" name="VO" type="power_out"/>
        <pin num="3" name="VI" type="power_in"/>
      </pins>
    </libpart>
    <libpart lib="Switch" part="SW_Push">
      <description>Push button switch, generic, two pins</description>
      <docs>~</docs>
      <fields>
        <field name="Reference">SW</field>
        <field name="Value">SW_Push</field>
      </fields>
      <pins>
        <pin num="1" name="1" type="passive"/>
        <pin num="2" name="2" type="passive"/>
      </pins>
    </libpart>
  </libparts>
  <libraries>
    <library logical="Connector">
      <uri>/Library/Application Support/kicad/library/Connector.lib</uri>
    </library>
    <library logical="Connector_Generic">
      <uri>/Library/Application Support/kicad/library/Connector_Generic.lib</uri>
    </library>
    <library logical="Device">
      <uri>/Library/Application Support/kicad/library/Device.lib</uri>
    </library>
    <library logical="MCU_ST_STM32F4">
      <uri>/Library/Application Support/kicad/library/MCU_ST_STM32F4.lib</uri>
    </library>
    <library logical="Memory_EEPROM">
      <uri>/Library/Application Support/kicad/library/Memory_EEPROM.lib</uri>
    </library>
    <library logical="Regulator_Linear">
      <uri>/Library/Application Support/kicad/library/Regulator_Linear.lib</uri>
    </library>
    <library logical="Switch">
      <uri>/Library/Application Support/kicad/library/Switch.lib</uri>
    </library>
  </libraries>
  <nets>
    <net code="1" name="+3.3VA">
      <node ref="FB2" pin="2"/>
      <node ref="C5" pin="1"/>
      <node ref="U1" pin="9"/>
      <node ref="C6" pin="1"/>
    </net>
    <net code="2" name="+3V3">
      <node ref="C3" pin="1"/>
      <node ref="C10" pin="2"/>
      <node ref="C2" pin="1"/>
      <node ref="FB2" pin="1"/>
      <node ref="U3" pin="8"/>
      <node ref="J1" pin="4"/>
      <node ref="C9" pin="1"/>
      <node ref="C7" pin="1"/>
      <node ref="C4" pin="1"/>
      <node ref="C8" pin="1"/>
      <node ref="D1" pin="2"/>
      <node ref="SW2" pin="2"/>
      <node ref="R8" pin="2"/>
      <node ref="U2" pin="2"/>
      <node ref="U1" pin="1"/>
      <node ref="U1" pin="24"/>
      <node ref="U1" pin="36"/>
      <node ref="U1" pin="48"/>
    </net>
    <net code="3" name="BOOT0">
      <node ref="SW2" pin="1"/>
      <node ref="U1" pin="44"/>
      <node ref="R9" pin="1"/>
      <node ref="C15" pin="2"/>
    </net>
    <net code="4" name="DP">
      <node ref="USB1" pin="A6"/>
      <node ref="USB1" pin="B6"/>
      <node ref="U1" pin="33"/>
    </net>
    <net code="5" name="DN">
      <node ref="USB1" pin="A7"/>
      <node ref="USB1" pin="B7"/>
      <node ref="U1" pin="32"/>
    </net>
    <net code="6" name="HSE_IN">
      <node ref="U1" pin="5"/>
      <node ref="Y1" pin="1"/>
      <node ref="C11" pin="1"/>
    </net>
    <net code="7" name="HSE_OUT">
      <node ref="U1" pin="6"/>
      <node ref="Y1" pin="3"/>
      <node ref="C13" pin="1"/>
    </net>
    <net code="8" name="Net-(R4-Pad2)">
      <node ref="USB2" pin="A5"/>
      <node ref="USB2" pin="B5"/>
      <node ref="R4" pin="2"/>
    </net>
    <net code="9" name="Net-(USB2-PadA8)">
      <node ref="USB2" pin="A8"/>
    </net>
    <net code="10" name="Net-(USB2-PadB8)">
      <node ref="USB2" pin="B8"/>
    </net>
    <net code="11" name="Net-(USB1-PadA8)">
      <node ref="USB1" pin="A8"/>
    </net>
    <net code="12" name="Net-(USB1-PadB8)">
      <node ref="USB1" pin="B8"/>
    </net>
    <net code="13" name="Net-(U1-Pad22)">
      <node ref="U1" pin="22"/>
    </net>
    <net code="14" name="Net-(U1-Pad18)">
      <node ref="U1" pin="18"/>
    </net>
    <net code="15" name="Net-(U1-Pad19)">
      <node ref="U1" pin="19"/>
    </net>
    <net code="16" name="Net-(U1-Pad39)">
      <node ref="U1" pin="39"/>
    </net>
    <net code="17" name="Net-(U1-Pad40)">
      <node ref="U1" pin="40"/>
    </net>
    <net code="18" name="Net-(U1-Pad41)">
      <node ref="U1" pin="41"/>
    </net>
    <net code="19" name="Net-(U1-Pad10)">
      <node ref="U1" pin="10"/>
    </net>
    <net code="20" name="Net-(U1-Pad11)">
      <node ref="U1" pin="11"/>
    </net>
    <net code="21" name="Net-(U1-Pad12)">
      <node ref="U1" pin="12"/>
    </net>
    <net code="22" name="Net-(U1-Pad13)">
      <node ref="U1" pin="13"/>
    </net>
    <net code="23" name="Net-(U1-Pad14)">
      <node ref="U1" pin="14"/>
    </net>
    <net code="24" name="Net-(U1-Pad15)">
      <node ref="U1" pin="15"/>
    </net>
    <net code="25" name="Net-(U1-Pad16)">
      <node ref="U1" pin="16"/>
    </net>
    <net code="26" name="Net-(U1-Pad17)">
      <node ref="U1" pin="17"/>
    </net>
    <net code="27" name="Net-(U1-Pad29)">
      <node ref="U1" pin="29"/>
    </net>
    <net code="28" name="Net-(U1-Pad30)">
      <node ref="U1" pin="30"/>
    </net>
    <net code="29" name="Net-(U1-Pad31)">
      <node ref="U1" pin="31"/>
    </net>
    <net code="30" name="Net-(U1-Pad46)">
      <node ref="U1" pin="46"/>
    </net>
    <net code="31" name="Net-(U1-Pad45)">
      <node ref="U1" pin="45"/>
    </net>
    <net code="32" name="Net-(U1-Pad28)">
      <node ref="U1" pin="28"/>
    </net>
    <net code="33" name="Net-(U1-Pad27)">
      <node ref="U1" pin="27"/>
    </net>
    <net code="34" name="Net-(U1-Pad26)">
      <node ref="U1" pin="26"/>
    </net>
    <net code="35" name="Net-(U1-Pad21)">
      <node ref="U1" pin="21"/>
    </net>
    <net code="36" name="Net-(U1-Pad38)">
      <node ref="U1" pin="38"/>
    </net>
    <net code="37" name="+5V">
      <node ref="USB3" pin="A4"/>
      <node ref="USB2" pin="A9"/>
      <node ref="USB2" pin="B9"/>
      <node ref="USB2" pin="A4"/>
      <node ref="R5" pin="1"/>
      <node ref="R3" pin="1"/>
      <node ref="FB1" pin="1"/>
      <node ref="C1" pin="1"/>
      <node ref="U2" pin="3"/>
      <node ref="USB3" pin="B9"/>
      <node ref="J2" pin="4"/>
      <node ref="USB3" pin="B4"/>
      <node ref="USB2" pin="B4"/>
      <node ref="USB3" pin="A9"/>
    </net>
    <net code="38" name="Net-(FB1-Pad2)">
      <node ref="USB1" pin="A9"/>
      <node ref="USB1" pin="B4"/>
      <node ref="USB1" pin="B9"/>
      <node ref="USB1" pin="A4"/>
      <node ref="FB1" pin="2"/>
    </net>
    <net code="39" name="Net-(R1-Pad2)">
      <node ref="R1" pin="2"/>
      <node ref="USB1" pin="A5"/>
    </net>
    <net code="40" name="Net-(R2-Pad2)">
      <node ref="USB1" pin="B5"/>
      <node ref="R2" pin="2"/>
    </net>
    <net code="41" name="NRST">
      <node ref="SW1" pin="1"/>
      <node ref="C16" pin="2"/>
      <node ref="R8" pin="1"/>
      <node ref="U1" pin="7"/>
    </net>
    <net code="42" name="SWDIO">
      <node ref="J1" pin="3"/>
      <node ref="U1" pin="34"/>
    </net>
    <net code="43" name="SWCLK">
      <node ref="J1" pin="2"/>
      <node ref="U1" pin="37"/>
    </net>
    <net code="44" name="Net-(U1-Pad25)">
      <node ref="U1" pin="25"/>
    </net>
    <net code="45" name="BOOT1">
      <node ref="R10" pin="1"/>
      <node ref="U1" pin="20"/>
    </net>
    <net code="46" name="I2C1_SCL">
      <node ref="U1" pin="42"/>
      <node ref="R3" pin="2"/>
      <node ref="USB2" pin="B6"/>
      <node ref="USB2" pin="A6"/>
      <node ref="J2" pin="2"/>
      <node ref="U3" pin="6"/>
      <node ref="USB3" pin="B6"/>
      <node ref="USB3" pin="A6"/>
    </net>
    <net code="47" name="I2C1_SDA">
      <node ref="USB2" pin="A7"/>
      <node ref="U3" pin="5"/>
      <node ref="J2" pin="3"/>
      <node ref="R5" pin="2"/>
      <node ref="U1" pin="43"/>
      <node ref="USB2" pin="B7"/>
      <node ref="USB3" pin="A7"/>
      <node ref="USB3" pin="B7"/>
    </net>
    <net code="48" name="Net-(U1-Pad2)">
      <node ref="U1" pin="2"/>
    </net>
    <net code="49" name="LSE_IN">
      <node ref="Y2" pin="1"/>
      <node ref="U1" pin="3"/>
      <node ref="C12" pin="1"/>
    </net>
    <net code="50" name="LSE_OUT">
      <node ref="U1" pin="4"/>
      <node ref="Y2" pin="2"/>
      <node ref="C14" pin="1"/>
    </net>
    <net code="51" name="Net-(USB3-PadA8)">
      <node ref="USB3" pin="A8"/>
    </net>
    <net code="52" name="Net-(R7-Pad2)">
      <node ref="USB3" pin="B5"/>
      <node ref="USB3" pin="A5"/>
      <node ref="R7" pin="2"/>
    </net>
    <net code="53" name="Net-(USB3-PadB8)">
      <node ref="USB3" pin="B8"/>
    </net>
    <net code="54" name="Net-(D1-Pad1)">
      <node ref="R6" pin="2"/>
      <node ref="D1" pin="1"/>
    </net>
    <net code="55" name="GND">
      <node ref="U1" pin="23"/>
      <node ref="U1" pin="35"/>
      <node ref="U1" pin="47"/>
      <node ref="U1" pin="49"/>
      <node ref="U1" pin="8"/>
      <node ref="C6" pin="2"/>
      <node ref="C1" pin="2"/>
      <node ref="C8" pin="2"/>
      <node ref="R7" pin="1"/>
      <node ref="USB3" pin="A1"/>
      <node ref="USB3" pin="A12"/>
      <node ref="USB3" pin="B1"/>
      <node ref="USB3" pin="B12"/>
      <node ref="C12" pin="2"/>
      <node ref="USB3" pin="S1"/>
      <node ref="C10" pin="1"/>
      <node ref="U2" pin="1"/>
      <node ref="C15" pin="1"/>
      <node ref="R9" pin="2"/>
      <node ref="USB1" pin="A1"/>
      <node ref="USB1" pin="A12"/>
      <node ref="USB1" pin="B1"/>
      <node ref="R6" pin="1"/>
      <node ref="USB1" pin="B12"/>
      <node ref="USB1" pin="S1"/>
      <node ref="R1" pin="1"/>
      <node ref="R2" pin="1"/>
      <node ref="Y1" pin="2"/>
      <node ref="C14" pin="2"/>
      <node ref="Y1" pin="4"/>
      <node ref="C13" pin="2"/>
      <node ref="C11" pin="2"/>
      <node ref="USB2" pin="A1"/>
      <node ref="USB2" pin="A12"/>
      <node ref="C3" pin="2"/>
      <node ref="USB2" pin="B1"/>
      <node ref="USB2" pin="B12"/>
      <node ref="USB2" pin="S1"/>
      <node ref="R4" pin="1"/>
      <node ref="C4" pin="2"/>
      <node ref="C7" pin="2"/>
      <node ref="C9" pin="2"/>
      <node ref="U3" pin="7"/>
      <node ref="R10" pin="2"/>
      <node ref="C16" pin="1"/>
      <node ref="SW1" pin="2"/>
      <node ref="J1" pin="1"/>
      <node ref="J2" pin="1"/>
      <node ref="C5" pin="2"/>
      <node ref="U3" pin="4"/>
      <node ref="U3" pin="3"/>
      <node ref="U3" pin="2"/>
      <node ref="U3" pin="1"/>
      <node ref="C2" pin="2"/>
    </net>
  </nets>
</export>
